scene,metric,comparison,ppo_mean,ppo_std,baseline_mean,baseline_std,t_statistic,p_value,cohens_d,significant,ppo_n,baseline_n
normal,平台收入,PPO(α=0.2) vs Local-First,1201.4,30.44339008717656,1234.6,29.15990397789403,-1.7610316138080637,0.11626400096480419,-1.1137741862391017,No,5,5
normal,基尼系数,PPO(α=0.2) vs Local-First,0.08739551749034227,0.011996884807270219,0.09953370564914962,0.015386427479008603,-1.3911245889989143,0.20165431229530417,-0.879824442060437,No,5,5
normal,平台收入,PPO(α=0.2) vs Demand-Greedy,1201.4,30.44339008717656,352.4,6.4265076052238514,61.01443336130389,5.786302343810379e-12,38.58891591325671,Yes,5,5
normal,基尼系数,PPO(α=0.2) vs Demand-Greedy,0.08739551749034227,0.011996884807270219,0.20082981674866146,0.01436246036241577,-13.554013241575811,8.433509756667534e-07,-8.572310655892316,Yes,5,5
shock,平台收入,PPO(α=0.2) vs Local-First,1238.0,36.24224054884024,1282.4,36.204972034238615,-1.9380332869631378,0.08861498964425737,-1.225719873605245,No,5,5
shock,基尼系数,PPO(α=0.2) vs Local-First,0.08169756079418482,0.011442614480760378,0.11661523009402164,0.01575491851223276,-4.00981386812594,0.0038960689006024827,-2.536028963321603,Yes,5,5
shock,平台收入,PPO(α=0.2) vs Demand-Greedy,1238.0,36.24224054884024,622.0,37.242448899072144,26.50596520495016,4.4133168396256675e-09,16.763844325762854,Yes,5,5
shock,基尼系数,PPO(α=0.2) vs Demand-Greedy,0.08169756079418482,0.011442614480760378,0.13135847904688053,0.01302667816003827,-6.404499558624699,0.00020813260353602932,-4.050561175759426,Yes,5,5
