scene,metric,comparison,ppo_mean,ppo_std,baseline_mean,baseline_std,t_statistic,p_value,cohens_d,significant,ppo_n,baseline_n
normal,平台收入,PPO(α=0.2) vs Local-First,1205.8,33.91459862655019,1234.6,29.15990397789403,-1.439820033742968,0.18787756145664364,-0.910622145473654,No,5,5
normal,基尼系数,PPO(α=0.2) vs Local-First,0.08509214257751929,0.00480265582771206,0.09953370564914962,0.015386427479008603,-2.003425665636322,0.08009002972992578,-1.2670776452499413,No,5,5
normal,平台收入,PPO(α=0.2) vs Demand-Greedy,1205.8,33.91459862655019,352.4,6.4265076052238514,55.28287459284301,1.2717618034633066e-11,34.963959862967506,Yes,5,5
normal,基尼系数,PPO(α=0.2) vs Demand-Greedy,0.08509214257751929,0.00480265582771206,0.20082981674866146,0.01436246036241577,-17.088910881800288,1.397138800197464e-07,-10.807976223625074,Yes,5,5
shock,平台收入,PPO(α=0.2) vs Local-First,1241.0,35.78407467016578,1282.4,36.204972034238615,-1.8185552322628273,0.10648735299430086,-1.1501553169534113,No,5,5
shock,基尼系数,PPO(α=0.2) vs Local-First,0.080482591854452,0.002771972860887542,0.11661523009402164,0.01575491851223276,-5.050663524607985,0.0009884384177690725,-3.1943200865790233,Yes,5,5
shock,平台收入,PPO(α=0.2) vs Demand-Greedy,1241.0,35.78407467016578,622.0,37.242448899072144,26.7992991837197,4.0449200837752925e-09,16.949365023369097,Yes,5,5
shock,基尼系数,PPO(α=0.2) vs Demand-Greedy,0.080482591854452,0.002771972860887542,0.13135847904688053,0.01302667816003827,-8.5417509327067,2.716657355381732e-05,-5.402277630644163,Yes,5,5
