algorithm,scene,alpha,episode_revenue,final_episode_gini,final_episode_bottom20_income_mean,mean_completion_rate
PPO,normal,0.0,1218.0,0.09625068418171878,15.333333333333334,0.9662241712311396
PPO,shock,0.0,1231.0,0.0846872461413486,16.166666666666668,0.8575294897475704
PPO,normal,0.1,1215.0,0.09968449931412904,15.416666666666666,0.9643500378492625
PPO,shock,0.1,1237.0,0.0838453247103208,16.666666666666668,0.8622649605700211
PPO,normal,0.2,1220.0,0.0861748633879782,16.25,0.969668423345466
PPO,shock,0.2,1241.0,0.09034380875637926,16.083333333333332,0.8638139607292186
PPO,normal,0.4,1215.0,0.09238683127572012,15.083333333333334,0.9637935297048095
PPO,shock,0.4,1236.0,0.08117583603020506,16.333333333333332,0.8592455915969011
