scene,metric,comparison,ppo_mean,ppo_std,baseline_mean,baseline_std,t_statistic,p_value,cohens_d,significant,ppo_n,baseline_n
normal,平台收入,PPO(α=0.2) vs Local-First,1205.0,36.823905279043935,1234.6,29.15990397789403,-1.4091084872757835,0.19646670663082325,-0.8911984580131738,No,5,5
normal,基尼系数,PPO(α=0.2) vs Local-First,0.0913971222055859,0.010827354367164874,0.09953370564914962,0.015386427479008603,-0.9670335785849771,0.3618482432520683,-0.6116057364383911,No,5,5
normal,平台收入,PPO(α=0.2) vs Demand-Greedy,1205.0,36.823905279043935,352.4,6.4265076052238514,51.00179965756418,2.4195400408188492e-11,32.256370337099696,Yes,5,5
normal,基尼系数,PPO(α=0.2) vs Demand-Greedy,0.0913971222055859,0.010827354367164874,0.20082981674866146,0.01436246036241577,-13.604637830325187,8.194845766553067e-07,-8.60432845710379,Yes,5,5
shock,平台收入,PPO(α=0.2) vs Local-First,1241.4,36.7464283978729,1282.4,36.204972034238615,-1.7772080076855492,0.11343256158840602,-1.1240050360352731,No,5,5
shock,基尼系数,PPO(α=0.2) vs Local-First,0.0781411626043517,0.008391955120880768,0.11661523009402164,0.01575491851223276,-4.819492892608258,0.0013222195460855647,-3.0481149415270754,Yes,5,5
shock,平台收入,PPO(α=0.2) vs Demand-Greedy,1241.4,36.7464283978729,622.0,37.242448899072144,26.47250289572501,4.45768651260148e-09,16.742680903178787,Yes,5,5
shock,基尼系数,PPO(α=0.2) vs Demand-Greedy,0.0781411626043517,0.008391955120880768,0.13135847904688053,0.01302667816003827,-7.679350317593994,5.8548930210287266e-05,-4.856847590786887,Yes,5,5
