scene,metric,comparison,ppo_mean,ppo_std,baseline_mean,baseline_std,t_statistic,p_value,cohens_d,significant,ppo_n,baseline_n
normal,平台收入,PPO(α=0.2) vs Local-First,1207.6,32.76888768328885,1234.6,29.15990397789403,-1.3763692031422576,0.2059993501750374,-0.8704923166481031,No,5,5
normal,基尼系数,PPO(α=0.2) vs Local-First,0.09122692724006985,0.007863635467851177,0.09953370564914962,0.015386427479008603,-1.0749494975161238,0.3137457282510222,-0.6798577563608926,No,5,5
normal,平台收入,PPO(α=0.2) vs Demand-Greedy,1207.6,32.76888768328885,352.4,6.4265076052238514,57.265859902995935,9.59935954142945e-12,36.21810989231524,Yes,5,5
normal,基尼系数,PPO(α=0.2) vs Demand-Greedy,0.09122692724006985,0.007863635467851177,0.20082981674866146,0.01436246036241577,-14.967346250712614,3.9190856617063336e-07,-9.46618093612669,Yes,5,5
shock,平台收入,PPO(α=0.2) vs Local-First,1240.6,39.18290443548053,1282.4,36.204972034238615,-1.752008489687136,0.11787202607309752,-1.1080674614725943,No,5,5
shock,基尼系数,PPO(α=0.2) vs Local-First,0.08417848290604515,0.006639053677946585,0.11661523009402164,0.01575491851223276,-4.2424036035404615,0.00282821040425571,-2.683131628178766,Yes,5,5
shock,平台收入,PPO(α=0.2) vs Demand-Greedy,1240.6,39.18290443548053,622.0,37.242448899072144,25.587774741066653,5.834024753220649e-09,16.183129687419164,Yes,5,5
shock,基尼系数,PPO(α=0.2) vs Demand-Greedy,0.08417848290604515,0.006639053677946585,0.13135847904688053,0.01302667816003827,-7.215528147433608,9.105959793039317e-05,-4.563500693389087,Yes,5,5
