scene,metric,comparison,ppo_mean,ppo_std,baseline_mean,baseline_std,t_statistic,p_value,cohens_d,significant,ppo_n,baseline_n
normal,平台收入,PPO(α=0.2) vs Local-First,1210.1,31.603269873015776,1236.6,34.42931567396857,-1.793102829246946,0.08977702685891903,-0.8018999633686739,No,10,10
normal,基尼系数,PPO(α=0.2) vs Local-First,0.08429723297719142,0.00753691530212834,0.1012937189159405,0.012767074080203304,-3.6252842307960527,0.0019352133268055365,-1.621276395563602,Yes,10,10
normal,平台收入,PPO(α=0.2) vs Demand-Greedy,1210.1,31.603269873015776,351.7,11.832629087025044,80.43965830458781,1.806959298681372e-24,35.97370881118277,Yes,10,10
normal,基尼系数,PPO(α=0.2) vs Demand-Greedy,0.08429723297719142,0.00753691530212834,0.20961747807590342,0.014167944304209487,-24.694627720870095,2.459575874870397e-15,-11.043773252583248,Yes,10,10
shock,平台收入,PPO(α=0.2) vs Local-First,1252.2,30.90055734844348,1289.9,31.160694614993563,-2.7166394339207733,0.014142556399336531,-1.2149180889206794,Yes,10,10
shock,基尼系数,PPO(α=0.2) vs Local-First,0.08354867230512422,0.010910943903453426,0.11037929418895558,0.016548807961501214,-4.280388959226011,0.0004502581582404268,-1.9142481365937873,Yes,10,10
shock,平台收入,PPO(α=0.2) vs Demand-Greedy,1252.2,30.90055734844348,631.4,46.00048308925076,35.42579920678118,4.217863415865456e-18,15.842899036724171,Yes,10,10
shock,基尼系数,PPO(α=0.2) vs Demand-Greedy,0.08354867230512422,0.010910943903453426,0.12690728975184762,0.013770736446812159,-7.804046670158361,3.482473698337224e-07,-3.4900757708109955,Yes,10,10
